id,embedding_type,embedding_model,embedding_dimension,parent_chunk,indexed_at
chunk_001_v1,text,clip-ViT-B-32,512,,2026-09-27T12:32:32Z
chunk_002_v1,text,clip-ViT-B-32,512,,2026-09-27T12:32:32Z
chunk_003_v1,text,clip-ViT-B-32,512,,2026-09-27T12:32:32Z
chunk_004_v1,text,clip-ViT-B-32,512,,2026-09-27T12:32:32Z
chunk_005_v1,text,clip-ViT-B-32,512,,2026-09-27T12:32:32Z
chunk_006_v1,text,clip-ViT-B-32,512,,2026-09-27T12:32:32Z
chunk_007_v1,text,clip-ViT-B-32,512,,2026-09-27T12:32:32Z
chunk_008_v1,text,clip-ViT-B-32,512,,2026-09-27T12:32:32Z
chunk_009_v1,text,clip-ViT-B-32,512,,2026-09-27T12:32:32Z
chunk_010_v1,text,clip-ViT-B-32,512,,2026-09-27T12:32:32Z
chunk_011_v1,text,clip-ViT-B-32,512,,2026-09-27T12:32:32Z
chunk_012_v1,text,clip-ViT-B-32,512,,2026-09-27T12:32:32Z
chunk_013_v1,text,clip-ViT-B-32,512,,2026-09-27T12:32:32Z
chunk_014_v1,text,clip-ViT-B-32,512,,2026-09-27T12:32:32Z
chunk_015_v1,text,clip-ViT-B-32,512,,2026-09-27T12:32:32Z
chunk_016_v1,text,clip-ViT-B-32,512,,2026-09-27T12:32:32Z
chunk_017_v1,text,clip-ViT-B-32,512,,2026-09-27T12:32:32Z
chunk_018_v1,text,clip-ViT-B-32,512,,2026-09-27T12:32:32Z
chunk_019_v1,text,clip-ViT-B-32,512,,2026-09-27T12:32:32Z
chunk_020_v1,text,clip-ViT-B-32,512,,2026-09-27T12:32:32Z
chunk_021_v1,text,clip-ViT-B-32,512,,2026-09-27T12:32:32Z
chunk_022_v1,text,clip-ViT-B-32,512,,2026-09-27T12:32:32Z
chunk_023_v1,text,clip-ViT-B-32,512,,2026-09-27T12:32:32Z
chunk_024_v1,text,clip-ViT-B-32,512,,2026-09-27T12:32:32Z
chunk_025_v1,text,clip-ViT-B-32,512,,2026-09-27T12:32:32Z
chunk_026_v1,text,clip-ViT-B-32,512,,2026-09-27T12:32:32Z
chunk_027_v1,text,clip-ViT-B-32,512,,2026-09-27T12:32:32Z
01_account_and_password_faq_page_1_image_1.png,image,clip-ViT-B-32,512,chunk_001_v1,2026-09-27T12:32:32Z
02_network_troubleshooting_faq_page_1_image_1.png,image,clip-ViT-B-32,512,chunk_006_v1,2026-09-27T12:32:32Z
03_software_installation_faq_page_1_image_1.png,image,clip-ViT-B-32,512,chunk_012_v1,2026-09-27T12:32:32Z
04_security_and_safe_usage_faq_page_1_image_1.png,image,clip-ViT-B-32,512,chunk_017_v1,2026-09-27T12:32:32Z
05_multimodal_rag_faq_system_faq_page_1_image_1.png,image,clip-ViT-B-32,512,chunk_022_v1,2026-09-27T12:32:32Z
